{
  "indexes": [
    {
      "collectionGroup": "sales",
      "queryScope": "COLLECTION",
      "fields": [
        {
          "fieldPath": "shop_id",
          "order": "ASCENDING"
        },
        {
          "fieldPath": "timestamp",
          "order": "DESCENDING"
        }
      ]
    },
    {
      "collectionGroup": "sales",
      "queryScope": "COLLECTION",
      "fields": [
        {
          "fieldPath": "shop_id",
          "order": "ASCENDING"
        },
        {
          "fieldPath": "created_at",
          "order": "DESCENDING"
        }
      ]
    },
    {
      "collectionGroup": "products",
      "queryScope": "COLLECTION",
      "fields": [
        {
          "fieldPath": "shop_id",
          "order": "ASCENDING"
        },
        {
          "fieldPath": "status",
          "order": "ASCENDING"
        }
      ]
    },
    {
      "collectionGroup": "products",
      "queryScope": "COLLECTION",
      "fields": [
        {
          "fieldPath": "shop_id",
          "order": "ASCENDING"
        },
        {
          "fieldPath": "expiry_date",
          "order": "ASCENDING"
        }
      ]
    },
    {
      "collectionGroup": "users",
      "queryScope": "COLLECTION",
      "fields": [
        {
          "fieldPath": "shop_id",
          "order": "ASCENDING"
        },
        {
          "fieldPath": "role",
          "order": "ASCENDING"
        }
      ]
    },
    {
      "collectionGroup": "profiles",
      "queryScope": "COLLECTION",
      "fields": [
        {
          "fieldPath": "shop_id",
          "order": "ASCENDING"
        },
        {
          "fieldPath": "created_at",
          "order": "DESCENDING"
        }
      ]
    },
    {
      "collectionGroup": "profiles", 
      "queryScope": "COLLECTION",
      "fields": [
        {
          "fieldPath": "role",
          "order": "ASCENDING"
        },
        {
          "fieldPath": "created_at",
          "order": "DESCENDING"
        }
      ]
    },
    {
      "collectionGroup": "shops",
      "queryScope": "COLLECTION", 
      "fields": [
        {
          "fieldPath": "status",
          "order": "ASCENDING"
        },
        {
          "fieldPath": "created_at",
          "order": "DESCENDING"
        }
      ]
    }
  ],
  "fieldOverrides": []
}