name,sku,category,price,cost,stock_quantity,min_stock_level,description
Paracetamol 500mg Tablets,PAR-001,painkillers,2000,1500,500,50,Pain relief and fever reducer - 20 tablets per pack
Amoxicillin 250mg Capsules,AMX-002,antibiotics,3500,2800,100,10,Broad spectrum antibiotic for bacterial infections
Vitamin C 1000mg Tablets,VIT-003,vitamins,1500,1000,200,20,Immune system support - 30 tablets per pack
Cough Syrup 100ml,COU-004,cold_flu,2500,1800,80,15,Dry cough relief syrup for adults and children
ORS Sachets,ORS-005,digestive,500,300,300,30,Oral rehydration salts for dehydration
Ibuprofen 400mg Tablets,IBU-006,painkillers,2200,1700,150,25,Anti-inflammatory pain relief - 20 tablets
Cetirizine 10mg Tablets,CET-007,otc,1800,1200,120,20,Antihistamine for allergies - 10 tablets per pack
Multivitamin Syrup,MUL-008,vitamins,3000,2200,90,15,Complete multivitamin for children - 200ml bottle
Antacid Tablets,ANT-009,digestive,1200,800,180,25,Fast relief from heartburn and acidity
Hydrocortisone Cream 1%,HYD-010,skincare,2800,2000,60,10,Topical steroid for skin inflammation
Baby Paracetamol Syrup,BAB-011,baby_care,2200,1600,70,12,Fever and pain relief for infants - 100ml
Digital Thermometer,THE-012,medical_devices,8000,6000,25,5,Non-contact infrared thermometer
First Aid Bandages,BAN-013,first_aid,1500,1000,150,20,Sterile adhesive bandages - pack of 20
Antiseptic Solution 500ml,ANT-014,first_aid,1800,1200,80,15,Wound cleaning and disinfection
Hand Sanitizer 250ml,SAN-015,personal_care,1200,800,200,30,70% alcohol-based hand sanitizer
Aspirin 300mg Tablets,ASP-016,painkillers,1500,1100,120,20,Low-dose aspirin for heart health - 30 tablets
Metformin 500mg Tablets,MET-017,prescription,4500,3500,80,8,Diabetes medication - 30 tablets per pack
Omeprazole 20mg Capsules,OME-018,prescription,3800,3000,60,10,Proton pump inhibitor for acid reflux
Iron Tablets,IRO-019,vitamins,1800,1300,100,15,Iron supplement for anemia - 30 tablets
Dettol Antiseptic Liquid,DET-020,first_aid,2500,1800,90,12,Antiseptic disinfectant - 500ml bottle
Strepsils Lozenges,STR-021,cold_flu,1500,1000,150,25,Throat lozenges for sore throat - 16 pieces
Calamine Lotion,CAL-022,skincare,1200,800,70,12,Soothing lotion for itchy skin - 100ml
Baby Diapers Size M,DIA-023,baby_care,15000,12000,50,8,Premium baby diapers - pack of 32
Blood Pressure Monitor,BPM-024,medical_devices,45000,35000,10,2,Digital automatic blood pressure monitor
Glucose Test Strips,GLU-025,medical_devices,12000,9000,30,5,Blood glucose test strips - pack of 50
Condoms,CON-026,personal_care,2000,1400,100,15,Premium latex condoms - pack of 12
Pregnancy Test Kit,PRE-027,medical_devices,3500,2500,40,8,Home pregnancy test kit - 99% accuracy
Zinc Tablets,ZIN-028,vitamins,1600,1100,90,15,Zinc supplement for immune support - 30 tablets
Probiotic Capsules,PRO-029,digestive,4500,3200,45,8,Digestive health probiotics - 30 capsules
Eye Drops,EYE-030,otc,2200,1600,60,10,Lubricating eye drops for dry eyes
Magnesium Tablets,MAG-031,vitamins,2500,1800,80,12,Magnesium supplement for muscle health
Loperamide Tablets,LOP-032,digestive,1800,1300,70,12,Anti-diarrheal medication - 10 tablets
Diclofenac Gel,DIC-033,painkillers,3200,2400,50,8,Topical pain relief gel - 50g tube
Folic Acid Tablets,FOL-034,vitamins,1200,800,120,20,Folic acid supplement for pregnancy - 30 tablets
Ranitidine Tablets,RAN-035,digestive,2800,2100,60,10,H2 receptor antagonist for ulcers - 30 tablets
Betadine Solution,BET-036,first_aid,2200,1600,80,15,Povidone iodine antiseptic - 125ml
Calcium Tablets,CAL-037,vitamins,2000,1400,100,18,Calcium supplement with Vitamin D - 30 tablets
Cephalexin 500mg,CEP-038,antibiotics,4200,3300,40,6,Cephalosporin antibiotic - 21 capsules
Loratadine Tablets,LOR-039,otc,1900,1400,85,15,Non-drowsy antihistamine - 10 tablets
Elastic Bandage,ELA-040,first_aid,1800,1200,60,12,Elastic compression bandage - 10cm x 4.5m